Hydrophilicity,Charge,Sigma,FWater,FLi,FCl,FMg
0.5,-9,1.346421,5197,60,58,45
0.5,-9,1.846421,3989,40,39,28
0.5,-9,2.346421,3352,26,19,28
0.5,-9,2.846421,3124,34,11,19
0.5,-9,3.346421,5082,80,24,42
0.5,-9,3.846421,5906,81,15,42
0.5,-9,4.346421,5450,65,15,41
0.5,-6,1.346421,7284,80,127,67
0.5,-6,1.846421,5602,66,89,47
0.5,-6,2.346421,4611,46,52,34
0.5,-6,2.846421,4870,50,35,27
0.5,-6,3.346421,5216,65,32,29
0.5,-6,3.846421,6447,85,20,26
0.5,-6,4.346421,5706,60,4,4
0.5,-3,1.346421,9164,102,233,93
0.5,-3,1.846421,8021,84,188,80
0.5,-3,2.346421,6088,59,101,43
0.5,-3,2.846421,5862,67,77,34
0.5,-3,3.346421,6242,62,67,33
0.5,-3,3.846421,5464,53,16,2
0.5,-3,4.346421,6038,53,4,1
0.5,0,1.346421,10790,123,385,112
0.5,0,1.846421,8451,85,243,69
0.5,0,2.346421,6632,71,183,49
0.5,0,2.846421,6753,63,151,27
0.5,0,3.346421,5827,40,102,11
0.5,0,3.846421,5819,32,35,0
0.5,0,4.346421,5218,21,14,0
0.5,3,1.346421,11644,125,483,105
0.5,3,1.846421,8212,72,320,52
0.5,3,2.346421,7436,60,268,42
0.5,3,2.846421,6355,40,186,16
0.5,3,3.346421,6387,41,167,4
0.5,3,3.846421,5635,18,86,0
0.5,3,4.346421,5045,4,48,0
0.5,6,1.346421,9399,79,424,62
0.5,6,1.846421,7680,59,341,37
0.5,6,2.346421,6905,44,277,22
0.5,6,2.846421,6664,46,263,12
0.5,6,3.346421,5871,20,214,1
0.5,6,3.846421,5351,6,166,0
0.5,6,4.346421,4873,4,142,0
0.5,9,1.346421,7642,48,407,39
0.5,9,1.846421,7527,37,407,29
0.5,9,2.346421,6816,34,353,21
0.5,9,2.846421,5912,25,285,8
0.5,9,3.346421,5602,20,257,2
0.5,9,3.846421,4995,5,206,0
0.5,9,4.346421,4755,1,196,0
0.8,-9,1.346421,2938,24,36,15
0.8,-9,1.846421,2108,13,19,3
0.8,-9,2.346421,1604,9,8,6
0.8,-9,2.846421,1493,13,5,3
0.8,-9,3.346421,2411,32,7,10
0.8,-9,3.846421,4670,50,18,30
0.8,-9,4.346421,4595,59,6,15
0.8,-6,1.346421,4410,32,56,25
0.8,-6,1.846421,3411,27,48,18
0.8,-6,2.346421,2477,19,25,8
0.8,-6,2.846421,2499,23,16,8
0.8,-6,3.346421,2780,38,10,10
0.8,-6,3.846421,5070,62,4,10
0.8,-6,4.346421,5168,40,6,5
0.8,-3,1.346421,5596,49,127,34
0.8,-3,1.846421,4443,36,79,27
0.8,-3,2.346421,3291,24,49,9
0.8,-3,2.846421,3308,23,47,15
0.8,-3,3.346421,4253,32,30,7
0.8,-3,3.846421,5381,42,16,1
0.8,-3,4.346421,5370,37,3,1
0.8,0,1.346421,7651,63,240,57
0.8,0,1.846421,6041,47,167,35
0.8,0,2.346421,4809,43,95,15
0.8,0,2.846421,4661,26,89,11
0.8,0,3.346421,5680,42,99,8
0.8,0,3.846421,5157,29,56,2
0.8,0,4.346421,5226,22,25,0
0.8,3,1.346421,8611,76,336,64
0.8,3,1.846421,6655,46,248,36
0.8,3,2.346421,6005,40,191,23
0.8,3,2.846421,5352,31,163,12
0.8,3,3.346421,5868,39,149,1
0.8,3,3.846421,5268,11,107,0
0.8,3,4.346421,5061,8,72,0
0.8,6,1.346421,9075,63,434,63
0.8,6,1.846421,7501,59,327,34
0.8,6,2.346421,6276,33,246,18
0.8,6,2.846421,6239,32,244,6
0.8,6,3.346421,6220,19,238,2
0.8,6,3.846421,6125,11,230,0
0.8,6,4.346421,5333,1,171,0
0.8,9,1.346421,8708,47,477,50
0.8,9,1.846421,7818,45,422,35
0.8,9,2.346421,6893,30,338,19
0.8,9,2.846421,5623,25,256,3
0.8,9,3.346421,5794,15,271,1
0.8,9,3.846421,5503,5,269,0
0.8,9,4.346421,5087,2,236,0
1,-9,1.346421,2114,11,28,8
1,-9,1.846421,1504,13,15,6
1,-9,2.346421,799,5,5,0
1,-9,2.846421,980,5,1,2
1,-9,3.346421,1383,17,2,2
1,-9,3.846421,3383,42,8,14
1,-9,4.346421,4341,48,6,14
1,-6,1.346421,3253,18,37,6
1,-6,1.846421,2316,15,34,8
1,-6,2.346421,1895,13,21,6
1,-6,2.846421,1428,6,1,0
1,-6,3.346421,2046,25,7,2
1,-6,3.846421,4469,54,15,6
1,-6,4.346421,5023,58,2,2
1,-3,1.346421,4281,29,80,18
1,-3,1.846421,3167,22,62,11
1,-3,2.346421,2691,11,35,10
1,-3,2.846421,2354,18,16,3
1,-3,3.346421,3749,30,31,2
1,-3,3.846421,5024,41,22,2
1,-3,4.346421,4731,23,5,0
1,0,1.346421,4994,47,141,19
1,0,1.846421,4345,26,101,15
1,0,2.346421,3728,19,89,15
1,0,2.846421,3349,23,49,2
1,0,3.346421,4283,24,68,3
1,0,3.846421,5028,17,41,1
1,0,4.346421,5131,17,36,0
1,3,1.346421,6782,50,259,37
1,3,1.846421,5664,36,203,29
1,3,2.346421,4476,25,135,14
1,3,2.846421,4356,22,126,10
1,3,3.346421,5369,18,152,1
1,3,3.846421,5335,6,111,0
1,3,4.346421,4977,2,66,0
1,6,1.346421,7336,49,324,35
1,6,1.846421,6571,38,290,27
1,6,2.346421,5648,34,231,14
1,6,2.846421,5511,29,217,7
1,6,3.346421,6094,24,233,2
1,6,3.846421,5276,8,217,1
1,6,4.346421,5318,1,190,0
1,9,1.346421,8372,50,463,46
1,9,1.846421,7128,43,368,30
1,9,2.346421,6275,26,293,11
1,9,2.846421,6037,28,315,8
1,9,3.346421,5972,16,321,2
1,9,3.846421,5423,3,295,0
1,9,4.346421,5034,2,255,0
1.2,-9,1.346421,1994,19,22,2
1.2,-9,1.846421,1766,8,24,8
1.2,-9,2.346421,1213,12,13,1
1.2,-9,2.846421,590,5,1,0
1.2,-9,3.346421,901,10,2,2
1.2,-9,3.846421,2683,27,7,8
1.2,-9,4.346421,4157,46,7,10
1.2,-6,1.346421,2573,21,36,7
1.2,-6,1.846421,2075,13,28,6
1.2,-6,2.346421,1157,13,13,4
1.2,-6,2.846421,1327,4,10,1
1.2,-6,3.346421,1399,13,4,1
1.2,-6,3.846421,4034,39,5,2
1.2,-6,4.346421,4441,40,2,2
1.2,-3,1.346421,3071,18,45,7
1.2,-3,1.846421,2457,9,44,8
1.2,-3,2.346421,1916,10,32,6
1.2,-3,2.846421,1830,11,17,2
1.2,-3,3.346421,2356,20,11,0
1.2,-3,3.846421,4714,26,13,0
1.2,-3,4.346421,4294,23,4,0
1.2,0,1.346421,4250,19,112,18
1.2,0,1.846421,3355,20,91,7
1.2,0,2.346421,2763,16,57,6
1.2,0,2.846421,2333,12,38,1
1.2,0,3.346421,3111,18,40,2
1.2,0,3.846421,5084,15,56,1
1.2,0,4.346421,4355,10,20,0
1.2,3,1.346421,4928,26,170,17
1.2,3,1.846421,4242,20,142,10
1.2,3,2.346421,3229,13,96,5
1.2,3,2.846421,3108,16,81,4
1.2,3,3.346421,4985,24,142,1
1.2,3,3.846421,5042,15,123,0
1.2,3,4.346421,5104,7,98,0
1.2,6,1.346421,5831,34,275,27
1.2,6,1.846421,5454,28,247,20
1.2,6,2.346421,4438,18,166,4
1.2,6,2.846421,4498,18,171,4
1.2,6,3.346421,5649,22,233,2
1.2,6,3.846421,5698,7,236,0
1.2,6,4.346421,5161,2,215,0
1.2,9,1.346421,6852,30,365,29
1.2,9,1.846421,5979,26,328,18
1.2,9,2.346421,5306,22,257,8
1.2,9,2.846421,5767,18,314,13
1.2,9,3.346421,5627,19,295,3
1.2,9,3.846421,5370,5,293,0
1.2,9,4.346421,5120,1,288,0
